Location,Address,Price
33 Caroline Street Limehouse E1,2 bedroom apartment for sale,499950.0
Holland Villas Road London W14,9 bedroom detached house for sale,28000000.0
Chapel Street London SW1X,6 bedroom town house for sale,28000000.0
Eaton Terrace London SW1W,5 bedroom mews house for sale,28000000.0
Eaton Terrace Belgravia London SW1W,4 bedroom terraced house for sale,28000000.0
St. John's Wood London NW8,8 bedroom detached house for sale,27250000.0
Marylebone High Street London W1U,3 bedroom penthouse for sale,27000000.0
Hanover Terrace Regents Park London NW1,6 bedroom terraced house for sale,27000000.0
Marylebone Square Marylebone W1,3 bedroom flat for sale,26785000.0
Knightsbridge London SW1X,6 bedroom apartment for sale,26500000.0
Knightsbridge Gate Apartment 6 55 Knightsbridge SW1X,6 bedroom penthouse for sale,26500000.0
Park Crescent Regent's Park London W1B,5 bedroom duplex for sale,26425000.0
Old Park Lane London W1K,5 bedroom apartment for sale,26250000.0
Cambridge Gate Regents Park London NW1,5 bedroom flat for sale,25500000.0
Chester Square London,6 bedroom house for sale,25000000.0
Elsworthy Road Primrose Hill London,5 bedroom detached house for sale,25000000.0
Lowndes Square London SW1X,10 bedroom town house for sale,25000000.0
Elsworthy Road St John's Wood London NW3,5 bedroom detached house for sale,25000000.0
Elsworthy Road London NW3,5 bedroom semi-detached house for sale,25000000.0
Chester Square London SW1W,6 bedroom terraced house for sale,25000000.0
Elsworthy Road London NW3,5 bedroom detached house for sale,25000000.0
Chester Square,6 bedroom terraced house for sale,25000000.0
Chester Square Belgravia London,8 bedroom house for sale,25000000.0
Cornwall Terrace Regent's Park,6 bedroom terraced house for sale,25000000.0
Chester Square London SW1W,6 bedroom town house for sale,25000000.0
147 Herries Street London W10 4LE,4 bedroom semi-detached house for sale,1000000.0
One Hyde Park Knightsbridge,3 bedroom apartment for sale,25000000.0
Lowndes Square London SW1X,10 bedroom terraced house for sale,25000000.0
Herbert Crescent London SW1X,7 bedroom terraced house for sale,24950000.0
Winnington Road N2,6 bedroom detached house for sale,24950000.0
Winnington Road London N2,6 bedroom detached house for sale,24950000.0
Ilchester Place London W14,7 bedroom terraced house for sale,24750000.0
One Kensington Gardens Kensington Road London,5 bedroom flat for sale,24000000.0
Phillimore Gardens London W8,5 bedroom end of terrace house for sale,24000000.0
Phillimore Gardens London W8,5 bedroom semi-detached house for sale,24000000.0
One Kensington Gardens Kensington London W8 5NX,5 bedroom apartment for sale,24000000.0
The Bishops Avenue Hampstead London N2,5 bedroom penthouse for sale,23950000.0
Holland Villas Road Holland Park London,6 bedroom terraced house for sale,23500000.0
Holland Villas Road Holland Park London W14,6 bedroom detached house for sale,23500000.0
Buckingham Gate St James's Park,5 bedroom house for sale,23000000.0
Pembroke Gardens Kensington  W8,8 bedroom detached house for sale,22950000.0
Herbert Crescent Knightsbridge,7 bedroom house for sale,22500000.0
Clarges Street Mayfair London W1J,3 bedroom flat for sale,22500000.0
Knightsbridge Gate Knightsbridge London SW1X,5 bedroom property for sale,22500000.0
Wadham Gardens London NW3,5 bedroom detached house for sale,22500000.0
Knightsbridge Gate Apartment 5 1 William Street London SW1X,5 bedroom penthouse for sale,22500000.0
William Street London SW1X,5 bedroom apartment for sale,22500000.0
Wadham Gardens St John's Wood London NW3,4 bedroom detached house for sale,22500000.0
Ashburton Place London W1J,3 bedroom apartment for sale,22500000.0
Knightsbridge Gate Apartment 5 1 William Street London SW1X,5 bedroom penthouse for sale,22500000.0
Uxbridge Road Shepherd's Bush London W12,2 bedroom apartment for sale,475000.0
Lexham Gardens Kensington W8,14 bedroom terraced house for sale,22000000.0
Lygon Place Belgravia London SW1W,7 bedroom terraced house for sale,21500000.0
Templewood Avenue Hampstead London NW3,10 bedroom detached house for sale,21500000.0
Palace Court London W2,7 bedroom detached house for sale,21500000.0
Lygon Place London SW1W,6 bedroom town house for sale,21500000.0
No.1 Grosvenor Square 1 Grosvenor Square Mayfair London W1K,3 bedroom apartment for sale,21500000.0
Garway Road London W2,6 bedroom detached house for sale,21000000.0
Garway Road Notting Hill London,6 bedroom detached house for sale,21000000.0
Lowndes Square London SW1X,8 bedroom penthouse for sale,20995000.0
Chester Square London SW1W,6 bedroom house for sale,20500000.0
Pont Street Knightsbridge,5 bedroom flat for sale,20000000.0
Grosvenor Square London W1K,3 bedroom apartment for sale,20000000.0
Grosvenor Square London W1K,3 bedroom apartment for sale,20000000.0
Addison Road London W14,12 bedroom detached house for sale,20000000.0
Gilston Road Chelsea London SW10,5 bedroom end of terrace house for sale,20000000.0
Grosvenor Square Mayfair W1K,3 bedroom flat for sale,20000000.0
Hertford Street Mayfair London. W1J,10 bedroom terraced house for sale,20000000.0
One Hyde Park Knightsbridge,3 bedroom apartment for sale,20000000.0
Hans Place London SW1X,4 bedroom penthouse for sale,19995000.0
Montrose Place Belgravia SW1X,5 bedroom flat for sale,19950000.0
Frognal Hampstead Village,11 bedroom detached house for sale,19950000.0
Ebury Square London SW1W,4 bedroom flat for sale,19950000.0
Grosvenor Square Mayfair London W1K,5 bedroom penthouse for sale,19950000.0
Park Lane Mayfair,5 bedroom flat for sale,19950000.0
Glenburnie RoadLondonSW17,2 bedroom apartment for sale,667000.0
Montrose Place London SW1X,5 bedroom apartment for sale,19950000.0
Grosvenor Square Mayfair,5 bedroom flat for sale,19950000.0
De Vere Gardens London W8,6 bedroom apartment for sale,19950000.0
Hale House,6 bedroom apartment for sale,19950000.0
The Bishops Avenue Hampstead Garden Suburb London N2,7 bedroom detached house for sale,19950000.0
Frognal Hampstead NW3,10 bedroom detached house for sale,19950000.0
Hanover Terrace Regent's Park London NW1,6 bedroom terraced house for sale,19750000.0
Portland Place Marylebone W1B,5 bedroom end of terrace house for sale,19750000.0
Brompton Square Knightsbridge London SW3,7 bedroom terraced house for sale,19750000.0
Lyall Street London SW1X,6 bedroom villa for sale,19500000.0
Courtenay Avenue N6,6 bedroom detached house for sale,19500000.0
Wilton Crescent London SW1X,6 bedroom terraced house for sale,19500000.0
Lyall Street London SW1X,6 bedroom town house for sale,19500000.0
Queens Grove St John's Wood London NW8,6 bedroom semi-detached house for sale,19500000.0
The Bryanston Hyde Park 55 Bryanston Street Marylebone London W1H 7BZ,4 bedroom apartment for sale,19000000.0
The Bryanston Hyde Park,3 bedroom flat for sale,19000000.0
View Road Highgate London N6,7 bedroom detached house for sale,18950000.0
Hanover Terrace London NW1,7 bedroom house for sale,18950000.0
Hanover Terrace Regent's Park,7 bedroom house for sale,18950000.0
View Road Highgate N6,7 bedroom detached house for sale,18950000.0
Hanover Terrace London NW1,7 bedroom terraced house for sale,18950000.0
Hanover Terrace Regent's Park NW1,7 bedroom terraced house for sale,18950000.0
Lygon Place Belgravia SW1W,7 bedroom end of terrace house for sale,18500000.0
Bourdon Street Mayfair W1K,6 bedroom town house for sale,18250000.0
The Highway E1W Wapping London E1W,2 bedroom flat for sale,475000.0
Bourdon Street Mayfair London W1K,6 bedroom house for sale,18250000.0
Harley Street Marylebone Village London W1,8 bedroom terraced house for sale,18000000.0
Lanson Building Chelsea Bridge Wharf London SW11,7 bedroom apartment for sale,18000000.0
Herbert Crescent Knightsbridge London,5 bedroom house for sale,18000000.0
Winnington Road Hampstead London N2,8 bedroom detached house for sale,17999999.0
Winnington Road N2,6 bedroom detached house for sale,17999999.0
Culross Street Mayfair London W1K,5 bedroom terraced house for sale,17950000.0
Kenway Road London SW5,36 bedroom block of apartments for sale,17750000.0
Lancelot Place London SW7,5 bedroom town house for sale,17750000.0
Lancelot Place London SW7,5 bedroom town house for sale,17750000.0
Lancer Square Kensington Church St London W8 4LD,3 bedroom penthouse for sale,17700000.0
Wilton Crescent Belgravia,5 bedroom house for sale,17650000.0
Cadogan Square Knightsbridge London SW1X,7 bedroom apartment for sale,17500000.0
Manhattan Loft Apartments London E20,3 bedroom penthouse for sale,17500000.0
Lancer Square Apartment 27 1 Lancer Square Kensington Church St W8,3 bedroom penthouse for sale,17500000.0
Vicarage Gate Kensington London W8,5 bedroom flat for sale,17500000.0
Vicarage Gate London W8,5 bedroom apartment for sale,17500000.0
Vicarage Gate House London W8,5 bedroom flat for sale,17500000.0
Knightsbridge London SW1X,4 bedroom apartment for sale,17250000.0
Clarendon Road Holland Park London W11,6 bedroom semi-detached house for sale,17000000.0
Corinthia Residences 10 Whitehall Place London SW1A,4 bedroom apartment for sale,17000000.0
Courtenay Avenue London N6,7 bedroom detached house for sale,16950000.0
Chester Terrace,6 bedroom end of terrace house for sale,16950000.0
Melina Place St John's Wood London NW8,6 bedroom semi-detached house for sale,16750000.0
Chelsea Creek Tower Park Street Chelsea Creek London SW6,2 bedroom flat for sale,1852000.0
Belsize Lane Belsize Park London NW3,7 bedroom detached house for sale,16500000.0
Lowndes Street London SW1X,10 bedroom terraced house for sale,16500000.0
Campden House Sheffield Terrace London W8,5 bedroom flat for sale,16500000.0
Lowndes Street Belgravia London SW1X,10 bedroom terraced house for sale,16500000.0
Charles Street Mayfair London W1J,8 bedroom terraced house for sale,16500000.0
Cranley Gardens London SW7,5 bedroom terraced house for sale,16500000.0
Charles Street Mayfair W1J,8 bedroom house for sale,16500000.0
Knightsbridge Gate Apartment 3 1 William Street London SW1X,4 bedroom apartment for sale,16250000.0
William Street London SW1X,4 bedroom apartment for sale,16250000.0
Lancelot Place London SW7,5 bedroom town house for sale,16150000.0
Lancelot Place London SW7,5 bedroom town house for sale,16150000.0
Lancelot Place London SW7,5 bedroom town house for sale,16150000.0
Eaton Mews South Belgravia SW1W,3 bedroom mews house for sale,16000000.0
Hollandgreen Place London W8,4 bedroom flat for sale,16000000.0
Eaton Mews South London SW1W,3 bedroom town house for sale,16000000.0
Lancer Square Residence 22 1 Lancer Square London W8,4 bedroom apartment for sale,16000000.0
Hyde Park Gate London SW7,8 bedroom penthouse for sale,16000000.0
Lancer Square Kensington Church Street Kensington W8 4LD,4 bedroom apartment for sale,16000000.0
Hollandgreen Place Kensington High Street Kensington London W8,4 bedroom apartment for sale,16000000.0
South Audley Street London W1K,6 bedroom apartment for sale,16000000.0
Cheyne Gardens London SW3,8 bedroom town house for sale,15950000.0
Park Square West London NW1,6 bedroom terraced house for sale,15950000.0
Cheyne Gardens Chelsea London SW3,8 bedroom end of terrace house for sale,15950000.0
Park Square West Regents Park London NW1,6 bedroom terraced house for sale,15950000.0
Railway Side Barnes SW13,2 bedroom end of terrace house for sale,800000.0
William Street London SW1X,4 bedroom apartment for sale,15950000.0
Norfolk Road St John's Wood NW8,6 bedroom detached house for sale,15800000.0
Phillimore Gardens London W8,7 bedroom semi-detached house for sale,15750000.0
Phillimore Gardens Kensington London W8,7 bedroom semi-detached house for sale,15750000.0
William Street London SW1X,4 bedroom apartment for sale,15750000.0
Walpole Mayfair Arlington Street London SW1A,3 bedroom penthouse for sale,15500000.0
Arlington Street St. James's,3 bedroom flat for sale,15500000.0
Bedford Gardens Kensington London W8,6 bedroom semi-detached house for sale,15500000.0
Bedford Gardens London W8,6 bedroom town house for sale,15500000.0
Lancer Square Kensington Church St W8 4LD,4 bedroom apartment for sale,15500000.0
Hyde Park Gate Kensington London,6 bedroom terraced house for sale,15150000.0
Chester Square London SW1W,5 bedroom terraced house for sale,15000000.0
Park Street Mayfair,7 bedroom flat for sale,15000000.0
Gore Street South Kensington SW7,6 bedroom terraced house for sale,15000000.0
Cavendish Avenue St John's Wood London NW8,6 bedroom detached house for sale,15000000.0
Academy Gardens Duchess of Bedfords Walk London W8,5 bedroom apartment for sale,15000000.0
Cannon Lane East Heath Road Hampstead NW3,5 bedroom semi-detached house for sale,15000000.0
Hamilton Terrace London NW8,10 bedroom detached house for sale,15000000.0
The Bishops Avenue Knolehurst London N2,7 bedroom detached house for sale,15000000.0
GORE STREET London SW7,6 bedroom terraced house for sale,15000000.0
The Bishops Avenue London N2,6 bedroom detached house for sale,15000000.0
Knightsbridge London SW7,5 bedroom house for sale,14950000.0
Pont Street Mews London SW1X,5 bedroom mews house for sale,14950000.0
Down Street Mews London W1J,5 bedroom mews house for sale,14950000.0
Mapleton Crescent London SW18,2 bedroom apartment for sale,545000.0
Marylebone Square Marylebone W1,3 bedroom flat for sale,14950000.0
Gilston Road Chelsea London,5 bedroom house for sale,14950000.0
Down Street Mews Mayfair London W1J,5 bedroom semi-detached house for sale,14950000.0
Acacia Road St John's Wood London NW8,7 bedroom detached house for sale,14950000.0
Gilston Road London SW10,6 bedroom terraced house for sale,14950000.0
Elsworthy Road Primrose Hill London NW3,6 bedroom detached house for sale,14950000.0
Ovington Square London SW3,5 bedroom terraced house for sale,14950000.0
Acacia Road St Johns Wood NW8,7 bedroom detached house for sale,14950000.0
Pont Street Mews Knightsbridge London SW1X,5 bedroom house for sale,14950000.0
Acacia Road London NW8,7 bedroom detached house for sale,14950000.0
Northumberland Avenue London WC2N,4 bedroom penthouse for sale,14950000.0
Elsworthy Road London NW3,6 bedroom detached house for sale,14950000.0
Down Street Mews London W1J,4 bedroom mews house for sale,14750000.0
Down Street Mews Mayfair London W1J,4 bedroom semi-detached house for sale,14750000.0
South Audley Street London W1K,3 bedroom apartment for sale,14750000.0
Lancer Square Kensington Church Street Kensington London W8 4LD,4 bedroom apartment for sale,14600000.0
Lancer Square Apartment 23 1 Lancer Square Kensington Church St W8,4 bedroom apartment for sale,14600000.0
Half Moon Street London W1J,4 bedroom town house for sale,14500000.0
Half Moon Street Mayfair London W1J,4 bedroom terraced house for sale,14500000.0
Wilton Crescent London SW1X,8 bedroom town house for sale,14500000.0
Hampstead Lane Hampstead London NW3,5 bedroom detached house for sale,14500000.0
Chester Terrace Regent's Park NW1,5 bedroom terraced house for sale,14500000.0
Beaufort Gardens London SW3,3 bedroom apartment for sale,14500000.0
Wilton Crescent London SW1X,7 bedroom end of terrace house for sale,14500000.0
Eccleston Square LONDON SW1V,4 bedroom flat for sale,2195000.0
The Bryanston Hyde Park,3 bedroom flat for sale,14250000.0
The Bryanston Hyde Park 55 Bryanston Street Marylebone London W1H 7BZ,3 bedroom apartment for sale,14250000.0
Pembridge Crescent Notting Hill London W11,4 bedroom house for sale,14000000.0
Lancelot Place Knightsbridge,4 bedroom apartment for sale,14000000.0
Montpelier Square,5 bedroom house for sale,14000000.0
Pembridge Crescent London W11 3DU,4 bedroom detached house for sale,14000000.0
North End Way Hampstead London NW3,5 bedroom terraced house for sale,13950000.0
10 Park Crescent London W1B,4 bedroom apartment for sale,13950000.0
Inverforth House London NW3,5 bedroom detached house for sale,13950000.0
North End Way Hampstead NW3,5 bedroom house for sale,13950000.0
Chelsea Barracks BelgraviaSW1W,3 bedroom apartment for sale,13900000.0
Castelnau Barnes London SW13,7 bedroom detached house for sale,13850000.0
Chelsea Harbour London SW10,5 bedroom apartment for sale,13800000.0
Egerton Crescent Knightsbridge London SW3,6 bedroom semi-detached house for sale,13600000.0
Marryat Road Wimbledon SW19,7 bedroom detached house for sale,13500000.0
Marryat Road London SW19,7 bedroom detached house for sale,13500000.0
Chester Square Belgravia London SW1W,8 bedroom terraced house for sale,13500000.0
Beaufort Gardens London SW3,Parking for sale,13500000.0
Marylebone Square Marylebone W1,3 bedroom flat for sale,13395000.0
Thurloe Square South Kensington London SW7,5 bedroom house for sale,13000000.0
Thurloe Square South Kensington SW7,5 bedroom terraced house for sale,13000000.0
Connaught Place Connaught Village London W2,4 bedroom apartment for sale,13000000.0
Buckingham Gate London SW1E,3 bedroom flat for sale,13000000.0
Thurloe Square South Kensington SW7,5 bedroom terraced house for sale,13000000.0
Sherwood Court Bryanston Place,3 bedroom apartment for sale,250000.0
Buckingham Gate London SW1E,3 bedroom apartment for sale,13000000.0
Lensbury Avenue Imperial Wharf SW6,7 bedroom penthouse for sale,13000000.0
Buckingham Gate St James's SW1E,3 bedroom apartment for sale,13000000.0
Kensington and Chelsea SW7,5 bedroom terraced house for sale,13000000.0
Chelsea,5 bedroom apartment for sale,13000000.0
Thurloe Square London SW7,5 bedroom terraced house for sale,13000000.0
Eaton Square London SW1W,4 bedroom apartment for sale,12950000.0
Walton Place London SW3,4 bedroom house for sale,12950000.0
The Portia Fox Penthouse One Casson Square Southbank Place London SE1,3 bedroom penthouse for sale,12950000.0
Barlby Road London W10,5 bedroom house for sale,12950000.0
Woronzow Road St Johns Wood London NW8,5 bedroom detached house for sale,12950000.0
One Casson Square Southbank Place Belvedere Road London SE1,3 bedroom apartment for sale,12950000.0
Walton Place London SW3,5 bedroom end of terrace house for sale,12950000.0
Rosslyn Hill London,6 bedroom detached house for sale,12750000.0
Hill Street Mayfair London W1J,4 bedroom flat for sale,12600000.0
St. Johns Wood Road London NW8,4 bedroom penthouse for sale,12500000.0
Chester Square London SW1W,4 bedroom terraced house for sale,12500000.0
Grosvenor Crescent London SW1X,4 bedroom apartment for sale,12500000.0
Pavilion Apartments St. Johns Wood Road London NW8,4 bedroom penthouse for sale,12500000.0
Park Street London,4 bedroom penthouse for sale,12500000.0
Chester Square Belgravia SW1W,4 bedroom terraced house for sale,12500000.0
Wimpole Street London,5 bedroom terraced house for sale,12500000.0
Hyde Park Gardens London W2,3 bedroom apartment for sale,12500000.0
The Bishops Avenue N2,8 bedroom detached house for sale,12500000.0
Streatham Court Streatham High Road SW16,3 bedroom apartment for sale,435000.0
Palace Gardens Terrace Kensington London W8,6 bedroom terraced house for sale,12500000.0
Holland Park Villas 6 Campden Hill London W8,5 bedroom apartment for sale,12300000.0
Buxmead 67 The Bishops Avenue London N2,7 bedroom apartment for sale,12200000.0
Lancer Square Kensington Church St W8 4LD,4 bedroom property for sale,12067200.0
Kensington Court London W8,13 bedroom block of apartments for sale,12000000.0
Walton Place London SW3,5 bedroom terraced house for sale,12000000.0
Kensington Court London W8,13 bedroom block of apartments for sale,12000000.0
Kensington Court London W8,13 bedroom terraced house for sale,12000000.0
Buckingham Gate St James's SW1,3 bedroom apartment for sale,12000000.0
Lowndes Square London,4 bedroom flat for sale,12000000.0
The Penthouse 205 City Road London EC1V 1AT,5 bedroom penthouse for sale,12000000.0
Chester Terrace Regent's Park London NW1,5 bedroom terraced house for sale,12000000.0
Buckingham Gate Westminster SW1E,3 bedroom apartment for sale,12000000.0
Hyde Park Gardens Hyde Park W2,10 bedroom terraced house for sale,12000000.0
Queen's Gate Place London SW7,12 bedroom house for sale,12000000.0
Ingram Avenue Hampstead Garden Suburb,6 bedroom detached house for sale,12000000.0
Kelso Place London W8,7 bedroom detached house for sale,11950000.0
Upper Brook Street London W1K,8 bedroom terraced house for sale,11950000.0
Fitzhardinge Street London W1H,3 bedroom flat for sale,11950000.0
Adams Row London W1K,4 bedroom terraced house for sale,11950000.0
Adams Row Mayfair London W1K,4 bedroom house for sale,11950000.0
Upper Brook Street Mayfair,8 bedroom house for sale,11950000.0
Adams Row London W1K,4 bedroom mews house for sale,11950000.0
Adams Row Mayfair,4 bedroom house for sale,11950000.0
Christchurch Road Brixton,2 bedroom flat for sale,450000.0
Pembridge Gardens W2,17 bedroom detached house for sale,11950000.0
Kelso Place Kensington London W8,7 bedroom terraced house for sale,11950000.0
Adams Row,4 bedroom terraced house for sale,11950000.0
Winnington Road London N2,9 bedroom detached house for sale,11950000.0
Adam's Row London W1K,4 bedroom house for sale,11950000.0
Adams Row Mayfair W1K,4 bedroom house for sale,11950000.0
Grosvenor Crescent Mews Belgravia London SW1X,3 bedroom terraced house for sale,11950000.0
Grosvenor Crescent Mews Belgravia SW1X,4 bedroom mews house for sale,11950000.0
Adams Row Mayfair London W1K,5 bedroom terraced house for sale,11950000.0
Adams Row W1K,4 bedroom house for sale,11950000.0
Adams Row Mayfair,4 bedroom house for sale,11950000.0
Montrose Place Belgravia London,3 bedroom flat for sale,11795000.0
Palace Gardens Terrace Kensington London,5 bedroom terraced house for sale,11750000.0
Penthouse Southbank Tower 55 Upper Ground SE1,5 bedroom apartment for sale,11590000.0
Great College Street London SW1P,10 bedroom terraced house for sale,11500000.0
Clarges Street Mayfair London W1J,2 bedroom flat for sale,11500000.0
Granville Park London SE13,6 bedroom detached house for sale,11500000.0
Abercorn Place London NW8,8 bedroom detached house for sale,11500000.0
Granville Park London,7 bedroom detached house for sale,11500000.0
Buckingham Gate St James London SW1E,3 bedroom apartment for sale,11500000.0
Langford Place London NW8,8 bedroom link detached house for sale,11300000.0
Park Modern Apartment 32 123 Bayswater Road London W2,3 bedroom apartment for sale,11250000.0
Earls Terrace London W8,5 bedroom terraced house for sale,11250000.0
Farm Street Mayfair W1J,7 bedroom terraced house for sale,11150000.0
Fulham Road London London,3 bedroom flat for sale,650000.0
Hereford House Mayfair London W1K,4 bedroom apartment for sale,11000000.0
Craven Street London WC2N,6 bedroom town house for sale,11000000.0
Montrose Place Belgravia London SW1X,5 bedroom flat for sale,11000000.0
Bolsover Street Fitzrovia London W1W,4 bedroom penthouse for sale,11000000.0
Ennismore Gardens London SW7,4 bedroom apartment for sale,11000000.0
Chesham Place Belgravia SW1X,2 bedroom flat for sale,11000000.0
Montrose Place Belgravia London SW1X,3 bedroom flat for sale,11000000.0
Montrose Place London SW1X,5 bedroom apartment for sale,11000000.0
Herbert Crescent London SW1X,6 bedroom terraced house for sale,10950000.0
Bruton Place Mayfair London W1J,4 bedroom terraced house for sale,10950000.0
Hyde Park Gate London SW7,5 bedroom semi-detached house for sale,10950000.0
Frognal Hampstead London NW3,6 bedroom detached house for sale,10950000.0
St Katharine's Precinct London NW1,4 bedroom terraced house for sale,10950000.0
Frognal Hampstead,6 bedroom detached house for sale,10950000.0
55 Knightsbridge Gate Knightsbridge London SW1X,3 bedroom apartment for sale,10950000.0
Beverly House Park Road London NW8,5 bedroom penthouse for sale,10950000.0
Knightsbridge London SW1X,3 bedroom apartment for sale,10950000.0
Wilton Place London SW1X,5 bedroom terraced house for sale,10950000.0
Park Crescent London W1B,3 bedroom flat for sale,10950000.0
Lyall Street London SW1X,4 bedroom end of terrace house for sale,10950000.0
Knightsbridge London SW7,4 bedroom apartment for sale,10950000.0
Beverly House Park Road St Johns Wood NW8,5 bedroom apartment for sale,10950000.0
Knightsbridge Gate Apartment 2 55 Knightsbridge London SW1X,3 bedroom apartment for sale,10950000.0
Bruton Place Mayfair London W1J,4 bedroom terraced house for sale,10950000.0
Conifer Gardens Streatham,5 bedroom semi-detached house for sale,895000.0
Herbert Crescent Knightsbridge SW1X,6 bedroom terraced house for sale,10950000.0
Beverly House 133 Park Road St. John's Wood London NW8,5 bedroom penthouse for sale,10950000.0
The Knightsbridge Knightsbridge SW7,4 bedroom apartment for sale,10950000.0
St. Katharines Precinct Regent's Park London NW1,4 bedroom terraced house for sale,10950000.0
Montpelier Square London SW7,6 bedroom terraced house for sale,10950000.0
Knightsbridge Gate Apartment 3 55 Knightsbridge London SW1X,5 bedroom apartment for sale,10750000.0
One Kensington Gardens Victoria Road London,3 bedroom flat for sale,10750000.0
Knightsbridge London SW1X,3 bedroom apartment for sale,10750000.0
Randolph Road London W9,5 bedroom semi-detached house for sale,10600000.0
Hyde Park Street Hyde Park London W2.,8 bedroom terraced house for sale,10500000.0
Park Modern Bayswater Road Hyde Park London W2 3JH,3 bedroom apartment for sale,10500000.0
Hans Place London SW1X,7 bedroom town house for sale,10500000.0
South Street Mayfair,6 bedroom house for sale,10500000.0
Radnor Place London W2,4 bedroom house for sale,10500000.0
Hans Place Knightsbridge SW1X,7 bedroom detached house for sale,10500000.0
Egerton Terrace London SW3,4 bedroom terraced house for sale,10500000.0
Whistler Square London SW1W,3 bedroom apartment for sale,10500000.0
One Kensington Gardens 18 De Vere Gardens Kensington London W8 5AE,4 bedroom apartment for sale,10500000.0
Coombe Ridings KT2,10 bedroom detached house for sale,10500000.0
Coombe Ridings Kingston upon Thames Surrey KT2,12 bedroom detached house for sale,10500000.0
Park Modern Apartment 22 123 Bayswater Road London W2,3 bedroom apartment for sale,10500000.0
1 Ebury Square Belgravia London SW1W,4 bedroom flat for sale,10450000.0
Montrose Place Belgravia SW1X,3 bedroom flat for sale,10250000.0
Beaufort Gardens London SW3,18 bedroom terraced house for sale,10250000.0
147 Herries Street London W10 4LE,4 bedroom semi-detached house for sale,1000000.0
Bayswater Road London W2,3 bedroom apartment for sale,10250000.0
Montrose Place London SW1X,3 bedroom apartment for sale,10250000.0
Bondway Nine Elms SW8,5 bedroom penthouse for sale,10000000.0
York House Place Kensington London,4 bedroom flat for sale,10000000.0
Palace Gardens Terrace Kensington London W8,4 bedroom terraced house for sale,10000000.0
Argyll Road Kensington London W8,6 bedroom terraced house for sale,10000000.0
The King's Hall The Sloane Building Hortensia Road London SW10,5 bedroom duplex for sale,10000000.0
Old Church Street London SW3,8 bedroom block of apartments for sale,10000000.0
Flood Street London SW3,6 bedroom terraced house for sale,10000000.0
Hamilton Terrace St. John's Wood London NW8,6 bedroom semi-detached house for sale,10000000.0
Whistler Square London SW1W,3 bedroom duplex for sale,10000000.0
Alston House Old Church Street Chelsea SW3,8 bedroom block of apartments for sale,10000000.0
New Globe Walk London SE1,5 bedroom flat for sale,10000000.0
Ovington Square London SW3,5 bedroom terraced house for sale,10000000.0
Argyll Road London W8,6 bedroom terraced house for sale,10000000.0
Grosvenor Square Mayfair,2 bedroom flat for sale,10000000.0
Westminster London,4 bedroom apartment for sale,10000000.0
Elm Tree Road London NW8,6 bedroom house for sale,9995000.0
Lindfield Gardens Hampstead NW3,6 bedroom detached house for sale,9995000.0
Elm Tree Road London NW8,6 bedroom detached house for sale,9995000.0
Lowndes Square London SW1X,3 bedroom duplex for sale,9995000.0
Marryat Road Wimbledon Village SW19,8 bedroom detached house for sale,9975000.0
York Terrace West Marylebone NW1,5 bedroom duplex for sale,9950000.0
Grosvenor Square Mayfair London W1K,3 bedroom flat for sale,9950000.0
Rope Street Surrey Quays,3 bedroom end of terrace house for sale,800000.0
Gloucester Gate Regent's Park London NW1,5 bedroom terraced house for sale,9950000.0
Cadogan Square London SW1X,4 bedroom duplex for sale,9950000.0
Ebury Square Belgravia London SW1W,4 bedroom flat for sale,9950000.0
Chester Terrace Regent's Park London NW1,5 bedroom terraced house for sale,9950000.0
Ovington Square Knightsbridge London SW3,5 bedroom town house for sale,9950000.0
Ebury Square Belgravia London SW1W,4 bedroom apartment for sale,9950000.0
Hamilton Terrace London NW8,6 bedroom detached house for sale,9950000.0
Marlborough Place London NW8,7 bedroom detached house for sale,9950000.0
Montpelier Square Knightsbridge London SW7,6 bedroom house for sale,9950000.0
Ashburton Place London W1J,2 bedroom flat for sale,9950000.0
Hamilton Terrace St. John's Wood London NW8,6 bedroom detached house for sale,9950000.0
Montpelier Square London SW7,5 bedroom town house for sale,9950000.0
Clarges Street Mayfair London W1J,2 bedroom flat for sale,9950000.0
Daleham Gardens Hampstead NW3,7 bedroom house for sale,9950000.0
Hamilton Terrace St Johns Wood NW8,6 bedroom link detached house for sale,9950000.0
Kings Gate Walk London SW1E,5 bedroom penthouse for sale,9950000.0
Chester Terrace Marylebone NW1,5 bedroom terraced house for sale,9950000.0
George Street London W1H,7 bedroom apartment for sale,9950000.0
Belgrave Place Belgravia London SW1X,3 bedroom property for sale,9950000.0
Redington Gardens Hampstead London NW3,7 bedroom house for sale,9950000.0
Chester Street London SW1X,5 bedroom house for sale,9950000.0
Gloucester Gate Regent's Park London NW1,5 bedroom terraced house for sale,9950000.0
Principle Tower EC2,3 bedroom penthouse for sale,9900000.0
Principal Tower Worship Street Shoreditch London EC2A,3 bedroom flat for sale,9900000.0
Kidderpore Gardens London NW3,2 bedroom apartment for sale,975000.0
Worship Street London EC2A,3 bedroom penthouse for sale,9900000.0
Principal Tower Shoreditch,3 bedroom penthouse for sale,9900000.0
Principal Tower London EC2A,3 bedroom penthouse for sale,9900000.0
Principal Tower 2 Principal Place EC2A,3 bedroom flat for sale,9900000.0
Worship Street London EC2A,3 bedroom penthouse for sale,9900000.0
Worship Street London EC2A,3 bedroom apartment for sale,9900000.0
Worship Street London EC2A,3 bedroom flat for sale,9900000.0
Worship Street London EC2A 2,4 bedroom penthouse for sale,9900000.0
Principal Place Worship Street London,3 bedroom flat for sale,9900000.0
Principal Tower PRINCIPAL PLACE WORSHIP STREET London EC2A,3 bedroom flat for sale,9900000.0
Worship Street London EC2A 2BA,3 bedroom apartment for sale,9900000.0
Worship Street Shoreditch EC2A,2 bedroom apartment for sale,9900000.0
Worship Street Shoreditch London EC2A,3 bedroom flat for sale,9900000.0
Curzon Street Mayfair London W1J,6 bedroom house for sale,9750000.0
Brunswick Gardens Kensington London W8,5 bedroom end of terrace house for sale,9750000.0
8 Eaton Lane Belgravia London SW1 SW1W,4 bedroom apartment for sale,9740000.0
8 Eaton Lane Grosvenor Gardens London SW1W,4 bedroom apartment for sale,9740000.0
Lower Addison Gardens London W14,6 bedroom terraced house for sale,9700000.0
DAMAC TOWER BONDWAY London SW8,5 bedroom flat for sale,9601000.0
Damac Tower Bondway Nine Elms SW8,5 bedroom duplex for sale,9601000.0
Damac Tower Damac Tower SW8,5 bedroom flat for sale,9601000.0
Damac Towers Nine Elms SW8,5 bedroom penthouse for sale,9601000.0
Parry Street Nine Elms,5 bedroom penthouse for sale,9601000.0
Damac Tower London SW8,5 bedroom penthouse for sale,9601000.0
Lymer Avenue Crystal Palace London SE19,2 bedroom apartment for sale,500000.0
DAMAC Tower Bondway,5 bedroom penthouse for sale,9601000.0
Damac Towers Nine Elms,5 bedroom penthouse for sale,9601000.0
Bondway London SW8,5 bedroom apartment for sale,9601000.0
Bondway London SW8 1,5 bedroom penthouse for sale,9601000.0
Bondway London SW8,5 bedroom penthouse for sale,9601000.0
Bondway SW8  PENTHOUSE,5 bedroom penthouse for sale,9601000.0
DAMAC Tower Nine Elms London SW8,5 bedroom penthouse for sale,9601000.0
Nine Elms 71 Bondway Parry Street SW8,5 bedroom apartment for sale,9601000.0
71 Bondway Parry St London,5 bedroom apartment for sale,9601000.0
Damac Tower Nine Elms London SW8,5 bedroom penthouse for sale,9600000.0
Damac Tower Bondway London SW8,5 bedroom penthouse for sale,9600000.0
Parry Street London SW8,5 bedroom apartment for sale,9600000.0
St Edmund's Terrace St. John's Wood London NW8,5 bedroom apartment for sale,9500000.0
Wycombe SquareLondon,5 bedroom end of terrace house for sale,9500000.0
Upper Grosvenor Street Mayfair,3 bedroom flat for sale,9500000.0
Principal Tower Shoreditch High Street London EC2A,3 bedroom flat for sale,9500000.0
Southside Common Wimbledon London SW19,6 bedroom detached house for sale,9500000.0
Pembroke Road Kensington London,6 bedroom terraced house for sale,9500000.0
One Kensington Gardens Kensington Road London,3 bedroom flat for sale,9500000.0
Ref: MY - Worship Street City of London EC2A 2FB,3 bedroom penthouse for sale,9500000.0
St Pancras Chambers,3 bedroom apartment for sale,9500000.0
Netherhall Gardens Hampstead NW3,5 bedroom detached house for sale,9500000.0
Euston Road LONDON NW1,3 bedroom flat for sale,9500000.0
Principal Tower Shoreditch London,3 bedroom penthouse for sale,9500000.0
Marian Road Streatham Vale,2 bedroom terraced house for sale,525000.0
Principal Tower City of London,3 bedroom apartment for sale,9500000.0
Upper Grosvenor Street London W1K,3 bedroom apartment for sale,9500000.0
Eaton Square Belgravia SW1W,3 bedroom flat for sale,9450000.0
Eaton Square London,3 bedroom penthouse for sale,9450000.0
Oakley Street London SW3,6 bedroom house for sale,9350000.0
Albert Hall Mansions Kensington Gore London SW7,5 bedroom apartment for sale,9250000.0
Stafford Terrace Kensington London,5 bedroom terraced house for sale,9250000.0
St Leonard's Terrace London,4 bedroom house for sale,9250000.0
Inverforth House North End Way Hampstead NW3,4 bedroom apartment for sale,9250000.0
Halkin Mews London SW1X,3 bedroom terraced house for sale,9250000.0
Montpelier Square Knightsbridge London SW7,5 bedroom terraced house for sale,9250000.0
Montpelier Square Knightsbridge London SW7,6 bedroom terraced house for sale,9250000.0
Stafford Terrace Kensington London W8,5 bedroom terraced house for sale,9250000.0
Halkin Mews London SW1X,3 bedroom flat for sale,9250000.0
Abingdon Road Kensington London W8,5 bedroom terraced house for sale,9250000.0
Albert Hall Mansions Kensington Gore,6 bedroom apartment for sale,9250000.0
Abingdon Road W8,5 bedroom town house for sale,9250000.0
Chalcot Square Primrose Hill London NW1,6 bedroom terraced house for sale,9190000.0
Lancelot Place London SW7,3 bedroom flat for sale,9000000.0
Park Modern Apartment 12 123 Bayswater Road London W2,3 bedroom apartment for sale,9000000.0
Burton Court Franklins Row SW3,4 bedroom apartment for sale,9000000.0
Park Modern Hyde Park London W2 3JH,3 bedroom property for sale,9000000.0
Albion Riverside London SW11.,6 bedroom apartment for sale,9000000.0
Hyde Park Street Hyde Park W2,5 bedroom flat for sale,9000000.0
Highgate London N2,2 bedroom flat for sale,475000.0
Rawlings Street London SW3,5 bedroom terraced house for sale,9000000.0
Park Village West Regent's Park NW1,5 bedroom house for sale,9000000.0
Queensway Bayswater London W2,4 bedroom penthouse for sale,9000000.0
Queensway London W2,4 bedroom penthouse for sale,9000000.0
The W1 London Marylebone High Street London W1U,3 bedroom apartment for sale,9000000.0
Cheyne Walk London SW10,8 bedroom terraced house for sale,9000000.0
Chesham Street London SW1X,3 bedroom apartment for sale,9000000.0
Albion Riverside,6 bedroom penthouse for sale,9000000.0
South Audley Street Mayfair W1K,6 bedroom flat for sale,9000000.0
Boiler House Battersea Power Station London SW8,3 bedroom apartment for sale,9000000.0
Charles Street Mayfair London W1J,4 bedroom terraced house for sale,8950000.0
Soho Square London W1,5 bedroom terraced house for sale,8950000.0
Strand London WC2R,4 bedroom apartment for sale,8950000.0
The Beecham Covent Garden WC2,3 bedroom apartment for sale,8950000.0
South Street Mayfair London W1K,3 bedroom flat for sale,8950000.0
Eaton Place Belgravia London SW1X,4 bedroom apartment for sale,8950000.0
Brook Street London W1K,3 bedroom apartment for sale,8950000.0
Chesham Street Belgravia SW1X,3 bedroom apartment for sale,8950000.0
Cadogan Square London SW1X,3 bedroom penthouse for sale,8950000.0
Fitzjohns Avenue Hampstead London NW3,5 bedroom end of terrace house for sale,8950000.0
190 Strand London,4 bedroom penthouse for sale,8950000.0
Mayfair London W1K,3 bedroom apartment for sale,8950000.0
Soho Square London W1D,6 bedroom town house for sale,8950000.0
Compton Avenue N6,6 bedroom detached house for sale,8950000.0
Blythe Road London W14,5 bedroom terraced house for sale,3250000.0
Warwick Gardens London,6 bedroom end of terrace house for sale,8950000.0
Leinster Gardens London W2,7 bedroom terraced house for sale,8950000.0
Chesham Street SW1X,3 bedroom apartment for sale,8950000.0
Golders Green NW11,10 bedroom terraced house for sale,8950000.0
Brook Street Mayfair W1K,3 bedroom apartment for sale,8950000.0
Warwick Gardens London W14,6 bedroom semi-detached house for sale,8950000.0
Sutherland Avenue London W9,7 bedroom terraced house for sale,8950000.0
Southampton Street London WC2E,3 bedroom penthouse for sale,8950000.0
Needham Road London W11,5 bedroom house for sale,8850000.0
Marylebone Square Aybrook Street Marylebone W1U,3 bedroom flat for sale,8800000.0
Switch House West Battersea Power Station SW11,4 bedroom penthouse for sale,8750000.0
Queen's Gate Terrace South Kensington,4 bedroom apartment for sale,8750000.0
Chesham Street SW1X,3 bedroom apartment for sale,8750000.0
Heath Drive Hampstead London NW3,6 bedroom detached house for sale,8750000.0
Marylebone London W1U,3 bedroom flat for sale,8700000.0
One Crown Place London* EC2A,3 bedroom penthouse for sale,8625000.0
Chesterfield Hill Mayfair London W1J,6 bedroom terraced house for sale,8600000.0
Crown Yard Peterborough Road Fulham London SW6,6 bedroom semi-detached house for sale,8500000.0
Bryanston Square Marylebone W1H,6 bedroom flat for sale,8500000.0
Ingram Avenue Hampstead Garden Suburb London NW11,6 bedroom detached house for sale,8500000.0
Merchant Square Paddington London W2,5 bedroom apartment for sale,8500000.0
Albert Gate Court 124 Knightsbridge London SW1X,4 bedroom apartment for sale,8500000.0
Eldon Road London W8,8 bedroom town house for sale,8500000.0
Holland Park Villas 6 Campden Hill London W8,3 bedroom apartment for sale,8500000.0
Fitzroy Street Fitzrovia London W1,2 bedroom flat for sale,700000.0
Castelnau Barnes London SW13,7 bedroom detached house for sale,8500000.0
Albert Gate Court Knightsbridge London SW1X,3 bedroom apartment for sale,8500000.0
Castelnau Barnes London SW13,7 bedroom detached house for sale,8500000.0
Burton Court Franklins Row Chelsea London SW3,3 bedroom apartment for sale,8500000.0
3 Merchant Square London W2,5 bedroom apartment for sale,8500000.0
Ingram Avenue NW11,6 bedroom detached house for sale,8500000.0
Park Street Mayfair London W1K,4 bedroom flat for sale,8500000.0
Davies Street Mayfair London W1K,3 bedroom flat for sale,8500000.0
Eldon Road Kensington London W8,8 bedroom semi-detached house for sale,8500000.0
Crown Yard Parsons Green London SW6,6 bedroom semi-detached house for sale,8500000.0
The Tower One St George Wharf London,3 bedroom apartment for sale,8500000.0
Charles Street Mayfair,5 bedroom house for sale,8500000.0
Davies Street London W1K,3 bedroom apartment for sale,8500000.0
Holland Park Villas Campden Hill W8,3 bedroom flat for sale,8500000.0
Bryanston Square London W1H,6 bedroom apartment for sale,8500000.0
Duke Street Mayfair W1K,5 bedroom flat for sale,8450000.0
Duke Street Mayfair London W1K,5 bedroom flat for sale,8450000.0
Duke Street London W1K,5 bedroom apartment for sale,8450000.0
Duke Street Mayfair,5 bedroom flat for sale,8450000.0
Centre Point Residences 103 New Oxford Street London WC1A,3 bedroom apartment for sale,8450000.0
Lingfield Road Wimbledon London SW19,7 bedroom detached house for sale,8400000.0
Lingfield Road Wimbledon Village SW19,7 bedroom detached house for sale,8400000.0
The Grange Wimbledon London SW19,6 bedroom detached house for sale,8350000.0
The Grange Wimbledon London SW19,6 bedroom detached house for sale,8350000.0
Vanilla & Sesame Court Curlew Street London SE1,2 bedroom apartment for sale,800000.0
Centre Point 103 New Oxford Street London WC1A,3 bedroom apartment for sale,8325000.0
Boiler House Square Battersea Power Station SW11,3 bedroom penthouse for sale,8300000.0
Lowndes Close Belgravia London SW1X,5 bedroom terraced house for sale,8300000.0
Lowndes Close Belgravia London SW1X,5 bedroom terraced house for sale,8300000.0
Albert Court West Block Prince Consort Road London SW7,4 bedroom apartment for sale,8300000.0
Pond Place London SW3,4 bedroom terraced house for sale,8250000.0
The Lucan 2 Lucan Place London,3 bedroom flat for sale,8250000.0
Lyford Road Wandsworth SW18,8 bedroom detached house for sale,8250000.0
Holland Park Holland Park London W11,4 bedroom apartment for sale,8250000.0
Albert Hall Mansions Kensington Gore SW7,5 bedroom apartment for sale,8250000.0
Stanford Road Kensington London W8,6 bedroom semi-detached house for sale,8250000.0
Lyford Road London SW18,8 bedroom detached house for sale,8250000.0
Pond Place Chelsea London SW3,4 bedroom terraced house for sale,8250000.0
Holland Park London W11,4 bedroom flat for sale,8250000.0
Campden Hill London W8,3 bedroom apartment for sale,8250000.0
Pond Place London SW3,4 bedroom house for sale,8250000.0
Notting Hill Gate Notting Hill W11,4 bedroom penthouse for sale,8250000.0
Moxon Street London W1U,3 bedroom flat for sale,8201000.0
Marylebone Square London,3 bedroom apartment for sale,8201000.0
Marylebone Square Moxon Street Marylebone London W1U,3 bedroom apartment for sale,8201000.0
Marylebone Square Moxon Street Marylebone London W1U,3 bedroom apartment for sale,8201000.0
Ormonde Place London SW1W,5 bedroom house for sale,8200000.0
Ashburton Place Mayfair,2 bedroom flat for sale,8200000.0
New Oxford Street London WC1A,4 bedroom apartment for sale,8200000.0
Antiopa House Coal Lane,2 bedroom flat for sale,600000.0
Ormonde Place London SW1W,5 bedroom terraced house for sale,8200000.0
Clarges Ashburton Place London W1J,2 bedroom apartment for sale,8200000.0
Montpelier Place Knightsbridge SW7,4 bedroom terraced house for sale,8150000.0
Ashburton Place Mayfair,2 bedroom flat for sale,8150000.0
Clarges Ashburton Place London W1J,2 bedroom apartment for sale,8150000.0
Marylebone Lane London W1U,3 bedroom apartment for sale,8130000.0
Wilton Street Belgravia London SW1X,5 bedroom terraced house for sale,8100000.0
Alexander Square London SW3,4 bedroom terraced house for sale,8100000.0
Carnation Way London SW8,5 bedroom apartment for sale,8044000.0
Carnation Way London SW8,5 bedroom flat for sale,8044000.0
Thames City Nine Elms London SW8,5 bedroom apartment for sale,8044000.0
Thames City Nine Elms SW8,5 bedroom flat for sale,8044000.0
London,7 bedroom house for sale,8000000.0
Eton Avenue Belsize Park London NW3,7 bedroom detached house for sale,8000000.0
Hocroft Road London NW2,13 bedroom detached house for sale,8000000.0
Chelsea Creek Chelsea Creek London SW6,5 bedroom penthouse for sale,8000000.0
The OWO Whitehall London SW1A,2 bedroom apartment for sale,8000000.0
New Cavendish Street Marylebone W1G,4 bedroom apartment for sale,8000000.0
Compass House Park Street Chelsea Creek London SW6,5 bedroom penthouse for sale,8000000.0
Lonsdale Road Notting Hill London W11,5 bedroom terraced house for sale,8000000.0
Hyde Park Crescent Hyde Park Estate London W2.,6 bedroom terraced house for sale,8000000.0
Phillimore Terrace Allen Street W8,5 bedroom end of terrace house for sale,8000000.0
Hocroft Road London NW2,13 bedroom detached house for sale,8000000.0
Cambridge Gate Regent's Park NW1,7 bedroom flat for sale,8000000.0
Fulham Road Fulham Broadway London SW6,4 bedroom flat for sale,2150000.0
Norland Square Holland Park,5 bedroom terraced house for sale,8000000.0
Carnation Way SW8,5 bedroom flat for sale,8000000.0
Hillside Close St. John's Wood NW8,5 bedroom town house for sale,8000000.0
Aylestone Avenue London NW6,7 bedroom detached house for sale,7995950.0
Aylestone Avenue London NW6,7 bedroom detached house for sale,7995950.0
South Lodge Knightsbridge SW7,6 bedroom terraced house for sale,7995000.0
Montagu Square Marylebone W1H,9 bedroom terraced house for sale,7995000.0
Glebe Place London SW3,4 bedroom terraced house for sale,7950000.0
Weymouth Street London W1G,4 bedroom terraced house for sale,7950000.0
Eaton Terrace London SW1W,6 bedroom town house for sale,7950000.0
King Street London SW1Y,3 bedroom apartment for sale,7950000.0
Cheyne Row Chelsea London SW3,4 bedroom terraced house for sale,7950000.0
Chesham Street SW1X,3 bedroom apartment for sale,7950000.0
Buckingham Gate London SW1E,3 bedroom apartment for sale,7950000.0
Cheyne Row Chelsea London SW3,4 bedroom terraced house for sale,7950000.0
Chesham Street Belgravia SW1X,3 bedroom apartment for sale,7950000.0
Bathurst Street Hyde Park Estate London W2,5 bedroom house for sale,7950000.0
Mount Row London W1K,3 bedroom flat for sale,7950000.0
Grosvenor Square Mayfair,2 bedroom flat for sale,7950000.0
Mount Row Mayfair London W1K,3 bedroom maisonette for sale,7950000.0
Mount Street London W1K,3 bedroom apartment for sale,7950000.0
White Lodge Close Off The Bishops Avenue London N2,7 bedroom detached house for sale,7950000.0
The Buckingham St James's SW1E,3 bedroom apartment for sale,7950000.0
Clorane Gardens Hampstead NW3,6 bedroom house for sale,7950000.0
New Union Close London E14,2 bedroom flat for sale,525000.0
Grange Road Barnes London SW13,10 bedroom detached house for sale,7950000.0
Lyall Mews Belgravia London SW1X,5 bedroom mews house for sale,7950000.0
Curzon Street London W1J,3 bedroom flat for sale,7950000.0
Parkside Wimbledon London SW19,5 bedroom detached house for sale,7950000.0
Greville Place St John's Wood London NW6,6 bedroom house for sale,7900000.0
Greville Place London NW6,6 bedroom detached house for sale,7900000.0
Carnation Way London SW8,5 bedroom property for sale,7870000.0
Thames City Nine Elms London SW8,5 bedroom apartment for sale,7870000.0
Carnation Way London,5 bedroom flat for sale,7870000.0
Parliament Hill London NW3,6 bedroom semi-detached house for sale,7850000.0
Carlos Place Mayfair London W1K,3 bedroom penthouse for sale,7850000.0
Cork Street Mayfair,3 bedroom flat for sale,7850000.0
Cork Street Mayfair,3 bedroom flat for sale,7850000.0
Parliament Hill London,6 bedroom semi-detached house for sale,7850000.0
New Oxford Street London WC1A,4 bedroom apartment for sale,7825000.0
Centre Point 103 New Oxford Street London WC1A,3 bedroom apartment for sale,7825000.0
Marloes Road London W8,3 bedroom flat for sale,7800000.0
Carnation Way SW8,5 bedroom flat for sale,7800000.0
Ebury Street Belgravia London SW1W,7 bedroom block of apartments for sale,7751950.0
Curzon Street London W1J,3 bedroom flat for sale,7750000.0
Westbourne House London W2,3 bedroom penthouse for sale,7750000.0
Randolph Road Little Venice London W9,5 bedroom semi-detached house for sale,7750000.0
Campden Hill Road Kensington London W8,5 bedroom terraced house for sale,7750000.0
Randolph Road Little Venice London W9,5 bedroom semi-detached house for sale,7750000.0
Redwood House Wembley Park,2 bedroom apartment for sale,480000.0
Thames City Nine Elms Lane SW8,5 bedroom flat for sale,7696000.0
Thames City Nine Elms London SW8,5 bedroom apartment for sale,7696000.0
Carnation Way London,5 bedroom flat for sale,7696000.0
Carnation Way SW8,5 bedroom flat for sale,7696000.0
Marylebone Square Marylebone,3 bedroom apartment for sale,7695000.0
8 Eaton Lane Belgravia London SW1 SW1W,3 bedroom duplex for sale,7650000.0
8 Eaton Lane 23-47 Grosvenor Gardens London SW1W,3 bedroom duplex for sale,7650000.0
Old Church Street London SW3,6 bedroom terraced house for sale,7650000.0
Moxon Street London W1U,3 bedroom flat for sale,7618000.0
Thames City Nine Elms SW8,5 bedroom apartment for sale,7600000.0
Westbourne Grove Westbourne Grove London W11,3 bedroom apartment for sale,7550000.0
Kingston House North Prince's Gate SW7,6 bedroom flat for sale,7500000.0
Richmond Hill Richmond Surrey TW10,6 bedroom terraced house for sale,7500000.0
Scott House Battersea Power StationCircus Road West SW11,4 bedroom apartment for sale,7500000.0
Prince Albert Road London NW8,4 bedroom penthouse for sale,7500000.0
St. James Close St. John's Wood London NW8,4 bedroom penthouse for sale,7500000.0
Kingsway London WC2B,4 bedroom penthouse for sale,7500000.0
Chapel Street Belgravia SW1X,7 bedroom terraced house for sale,7500000.0
Southbank London SE1,3 bedroom apartment for sale,7500000.0
Cumberland Terrace Regent's Park London NW1,3 bedroom apartment for sale,7500000.0
Mandarin Oriental Hanover Square London W1S,3 bedroom apartment for sale,7500000.0
Battersea Power Station Nine Elms London SW8,3 bedroom penthouse for sale,7500000.0
Alma Terrace Kensington London W8,6 bedroom terraced house for sale,7500000.0
Kingsway Covent Garden London WC2B,4 bedroom penthouse for sale,7500000.0
Webster Gardens London,2 bedroom apartment for sale,549950.0
Essex Villas Kensington W8,5 bedroom link detached house for sale,7500000.0
Liverpool Road London N1,10 bedroom house for sale,7500000.0
Albert Embankment London SE1,4 bedroom apartment for sale,7500000.0
Albert Embankment London SE1,4 bedroom property for sale,7500000.0
Pelham Street South Kensington London SW7,5 bedroom terraced house for sale,7500000.0
Regents Park Road Regents Park,6 bedroom semi-detached house for sale,7500000.0
Hyde Park Gardens London W2,5 bedroom apartment for sale,7500000.0
Basil Street London SW3,4 bedroom apartment for sale,7500000.0
Prince Albert Road London,4 bedroom flat for sale,7500000.0
Fitzhardinge House Portman Square,3 bedroom apartment for sale,7500000.0
Ennismore Gardens London SW7,3 bedroom maisonette for sale,7500000.0
Regent's Park Road Primrose Hill London NW1,6 bedroom semi-detached house for sale,7500000.0
Thurloe Street London SW7,4 bedroom terraced house for sale,7500000.0
Kingston House North Knightsbridge SW7,6 bedroom apartment for sale,7500000.0
Endsleigh Street London WC1H,6 bedroom terraced house for sale,7500000.0
Pavilion Apartments 34 St John's Wood London NW8,3 bedroom duplex for sale,7495000.0
Pavilion Apartments 34 St. John's Wood Road London NW8,3 bedroom penthouse for sale,7495000.0
St. Johns Wood Road London NW8,3 bedroom penthouse for sale,7495000.0
Pavilion Apartments St John's Wood Road NW8,3 bedroom flat for sale,7495000.0
Parkside Wimbledon SW19,11 bedroom detached house for sale,7495000.0
Claydon House Chelsea Waterfront SW10,5 bedroom flat for sale,7495000.0
Unit 402 ELIE SAAB W2,3 bedroom flat for sale,7475000.0
Allingham Court The Bishops Avenue London N2,3 bedroom apartment for sale,7400000.0
Radnor Terrace London W14,2 bedroom apartment for sale,7400000.0
St. Dunstans Avenue Acton,3 bedroom house for sale,799950.0
Allingham Court 44 The Bishops Avenue London N2,3 bedroom apartment for sale,7400000.0
Cheniston Gardens Kensington London W8,6 bedroom house for sale,7400000.0
Unit 301 ELIE SAAB W2,3 bedroom flat for sale,7400000.0
Thames City Nine Elms London SW8,5 bedroom apartment for sale,7364000.0
Coleridge Gardens London SW10,6 bedroom penthouse for sale,7350000.0
Cleveland Row St James's London SW1A,3 bedroom terraced house for sale,7250000.0
Devonshire Place Marylebone London W1G,4 bedroom duplex for sale,7250000.0
Rutland Court Knightsbridge SW7,4 bedroom apartment for sale,7250000.0
Templewood Avenue London NW3,7 bedroom semi-detached house for sale,7250000.0
Eaton Place London SW1X,3 bedroom apartment for sale,7250000.0
Devonshire Place Marylebone London W1G,4 bedroom apartment for sale,7250000.0
Hill Road St John's Wood NW8,5 bedroom semi-detached house for sale,7250000.0
Lillie Square Chelsea Village SW6,4 bedroom flat for sale,7250000.0
Greville Road St John's Wood London NW6,6 bedroom detached house for sale,7250000.0
Greville Road Maida Vale NW6,6 bedroom detached house for sale,7250000.0
Chester Row London SW1W,3 bedroom terraced house for sale,7250000.0
Eaton Place Belgravia SW1X,3 bedroom apartment for sale,7250000.0
Devonshire Place London W1G,4 bedroom apartment for sale,7250000.0
Mandarin Oriental Hanover Square London W1S,2 bedroom apartment for sale,7250000.0
Templewood Avenue Hampstead NW3,8 bedroom house for sale,7250000.0
Chester Row London,4 bedroom terraced house for sale,7250000.0
Bathurst Street Hyde Park W2,7 bedroom end of terrace house for sale,7249500.0
Albert Hall Mansions Kensington Gore London SW7,4 bedroom apartment for sale,7200000.0
Kensington Gore London SW7,5 bedroom apartment for sale,7200000.0
Tite Street Chelsea London SW3,3 bedroom apartment for sale,3300000.0
Chesham Street Belgravia SW1X,3 bedroom apartment for sale,7150000.0
Chesham Street SW1X,3 bedroom penthouse for sale,7150000.0
Longwood Drive Putney London SW15,7 bedroom detached house for sale,7100000.0
Thames City Nine Elms London SW8,5 bedroom apartment for sale,7053000.0
Carnation WayLondon,5 bedroom apartment for sale,7053000.0
Canons Close N2,5 bedroom detached house for sale,7000000.0
Tanza Road London NW3,6 bedroom semi-detached house for sale,7000000.0
Scrubs Lane London NW10,292 bedroom block of apartments for sale,7000000.0
Ledbury Road London W11,4 bedroom terraced house for sale,7000000.0
Hamilton Terrace & 15 Hamilton Close St. John's Wood London NW8,9 bedroom terraced house for sale,7000000.0
47 Units Portfolio London N6,66 bedroom block of apartments for sale,7000000.0
Upper Grosvenor Street London W1K,2 bedroom apartment for sale,7000000.0
Chapel Street Belgravia SW1X,5 bedroom terraced house for sale,7000000.0
Green Street Mayfair,3 bedroom flat for sale,7000000.0
Milnthorpe Road London W4,6 bedroom detached house for sale,7000000.0
Harley Street London W1G,6 bedroom town house for sale,7000000.0
Randolph Avenue Little Venice London W9,5 bedroom semi-detached house for sale,7000000.0
Milnthorpe Road Chiswick W4,6 bedroom detached house for sale,7000000.0
199 Kinghtsbridge Knightsbridge London,3 bedroom apartment for sale,7000000.0
St. Mary's Road Wimbledon Village London SW19,6 bedroom detached house for sale,7000000.0
Knightsbridge South Kensington,3 bedroom flat for sale,7000000.0
Davies Street Mayfair W1K,4 bedroom apartment for sale,7000000.0
Drayton Gardens London SW10,4 bedroom terraced house for sale,7000000.0
Switch House West Circus Road West Battersea Power Statio London SW11,4 bedroom apartment for sale,6999995.0
Belsize Road West Hampstead,10 bedroom semi-detached house for sale,1799950.0
L-000654 Battersea Power Station Circus Road West,4 bedroom apartment for sale,6999995.0
Battersea Power Station London SW11,4 bedroom penthouse for sale,6999995.0
Chapel Street London SW1X,6 bedroom terraced house for sale,6995000.0
30 Rutland Court Rutland Gardens Knightsbridge SW7,2 bedroom apartment for sale,6995000.0
Milner Street Chelsea London SW3,3 bedroom terraced house for sale,6950000.0
Rose Square The Bromptons London,4 bedroom flat for sale,6950000.0
Somerset Road Wimbledon London SW19,6 bedroom detached house for sale,6950000.0
Kingston House North London SW7,3 bedroom penthouse for sale,6950000.0
Headfort Place Belgravia London SW1X,4 bedroom mews house for sale,6950000.0
John Islip Street London SW1P,5 bedroom penthouse for sale,6950000.0
Winnington Close Hampstead Garden Suburb N2,6 bedroom house for sale,6950000.0
Loudoun Road London NW8,5 bedroom detached house for sale,6950000.0
Clapham Common North Side Clapham London SW4,7 bedroom town house for sale,6950000.0
Headfort Place Belgravia London SW1X,4 bedroom house for sale,6950000.0
Basil Street London SW3,4 bedroom triplex for sale,6950000.0
Winnington Road Hampstead Garden Suburb N2,5 bedroom house for sale,6950000.0
Basil Street London SW3,3 bedroom triplex for sale,6950000.0
Eaton Terrace London SW1W,5 bedroom house for sale,6950000.0
South Eaton Place London,4 bedroom end of terrace house for sale,6950000.0
Trevor Street London SW7,5 bedroom terraced house for sale,6950000.0
South Eaton Place Knightsbridge SW1W,4 bedroom end of terrace house for sale,6950000.0
Cadogan Square Belgravia,3 bedroom flat for sale,6950000.0
Green Street Mayfair London W1K,3 bedroom apartment for sale,6950000.0
Penthouse Green Street Mayfair W1K,3 bedroom apartment for sale,6950000.0
Foundry House Battersea Exchange SW8,3 bedroom penthouse for sale,1265000.0
Green Street Mayfair,3 bedroom flat for sale,6950000.0
Cheyne Terrace 77 Chelsea Manor Street London SW3,2 bedroom apartment for sale,6950000.0
Winnington Road N2,5 bedroom detached house for sale,6950000.0
Heathview Gardens Putney London SW15,9 bedroom detached house for sale,6950000.0
Kensington Gore London SW7,6 bedroom flat for sale,6950000.0
Audley House North Audley Street Mayfair W1K,4 bedroom apartment for sale,6900000.0
Eaton Terrace London,4 bedroom terraced house for sale,6900000.0
Blenheim House One Tower Bridge London,4 bedroom apartment for sale,6900000.0
Pearce House South Circus Road West Battersea Power Station,4 bedroom penthouse for sale,6900000.0
Davies Street Mayfair London W1K,3 bedroom apartment for sale,6900000.0
Connaught Square Hyde Park London W2,5 bedroom terraced house for sale,6850000.0
Blenheim Road London NW8,5 bedroom semi-detached house for sale,6850000.0
King's Road Park King's Road London SW6,4 bedroom apartment for sale,6825000.0
W1 Place Great Portland Street London W1W,3 bedroom penthouse for sale,6815000.0
Great Portland Street London,3 bedroom flat for sale,6815000.0
W1 Place Marylebone,3 bedroom apartment for sale,6815000.0
Great Portland Street London W1W,3 bedroom flat for sale,6815000.0
Great Portland Street London,3 bedroom penthouse for sale,6815000.0
Great Portland Street London W1W,3 bedroom apartment for sale,6815000.0
Great Portland Street London W1W,3 bedroom apartment for sale,6815000.0
Orchard Court Portman Square,5 bedroom apartment for sale,6800000.0
Roedean Crescent Putney London SW15,6 bedroom detached house for sale,6800000.0
Roedean Crescent London SW15,6 bedroom detached house for sale,6800000.0
Queens Gate London SW7,15 bedroom block of apartments for sale,6750000.0
Lakeside Drive Park Royal,2 bedroom flat for sale,499950.0
Montpelier Square Knightsbridge SW7,5 bedroom terraced house for sale,6750000.0
Palace Gate London W8,4 bedroom penthouse for sale,6750000.0
Atlas Building EC1V,3 bedroom apartment for sale,6750000.0
Palace Gate London W8,4 bedroom penthouse for sale,6750000.0
Hillside Wimbledon London SW19,5 bedroom detached house for sale,6750000.0
Moore Street Chelsea SW3,4 bedroom house for sale,6750000.0
Kensington Court Gardens Kensington W8,4 bedroom apartment for sale,6750000.0
Moore Street SW3,4 bedroom terraced house for sale,6750000.0
Palace Gate London W8,4 bedroom apartment for sale,6750000.0
Hillside Wimbledon Village SW19,5 bedroom detached house for sale,6750000.0
Christchurch Street Chelsea SW3,4 bedroom end of terrace house for sale,6750000.0
North Row Mayfair London,3 bedroom duplex for sale,6700000.0
Audley House North Audley Street London W1K,4 bedroom apartment for sale,6700000.0
The Westin London City EC4V,3 bedroom apartment for sale,6655000.0
St Edmunds Terrace London NW8,3 bedroom apartment for sale,6650000.0
St. Edmunds Terrace St John's Wood NW8,3 bedroom apartment for sale,6650000.0
Carnation Way London SW8,4 bedroom flat for sale,6636000.0
Carnation Way London SW8 5,4 bedroom penthouse for sale,6636000.0
Thames City Nine Elms SW8,4 bedroom flat for sale,6636000.0
Thames City Nine Elms London SW8,4 bedroom apartment for sale,6636000.0
Thames City London SW8,5 bedroom flat for sale,6636000.0
Thames City Nine Elms Lane Nine Elms London SW8,4 bedroom apartment for sale,6636000.0
Allen House Kensington London W8,3 bedroom penthouse for sale,6620000.0
Abell House John Islip Street Westminster,7 bedroom apartment for sale,6600000.0
Fallsbrook Road Streatham,3 bedroom flat for sale,500000.0
Carnation Way SW8,4 bedroom flat for sale,6600000.0
Eaton Terrace London,5 bedroom terraced house for sale,6595000.0
Eaton Terrace Belgravia London SW1W,5 bedroom terraced house for sale,6595000.0
PENTHOUSE W1 Place Great Portland Street Marylebone W1W,3 bedroom flat for sale,6595000.0
Eaton Terrace Belgravia London SW1W,5 bedroom terraced house for sale,6595000.0
Eaton Terrace Belgravia SW1W,5 bedroom house for sale,6595000.0
Marylebone Lane London,3 bedroom penthouse for sale,6595000.0
Eaton Terrace London SW1W,5 bedroom terraced house for sale,6595000.0
Eaton Terrace London SW1W,5 bedroom terraced house for sale,6595000.0
26 De Vere Gardens Kensington London W8,2 bedroom apartment for sale,6550000.0
Denewood Road London N6,7 bedroom detached house for sale,6500000.0
Trevor Place  London SW7,5 bedroom flat for sale,6500000.0
Great James Street London WC1N,6 bedroom terraced house for sale,6500000.0
Winnington Close Hampstead N2,6 bedroom detached house for sale,6500000.0
Winnington Road Hampstead Garden Suburb N2,4 bedroom house for sale,6500000.0
Winnington Close London N2,6 bedroom detached house for sale,6500000.0
Eaton Mews South Belgravia London SW1W,3 bedroom terraced house for sale,6500000.0
The Courthouse 70 Horseferry Road,3 bedroom apartment for sale,6500000.0
Marlborough Crescent London W4,7 bedroom detached house for sale,6500000.0
Winnington Road Hampstead Garden Suburb London N2,8 bedroom detached house for sale,6500000.0
Green Street Mayfair London W1K,3 bedroom penthouse for sale,6500000.0
South Audley Street Mayfair,2 bedroom flat for sale,6500000.0
Eaton Terrace Belgravia SW1W,4 bedroom terraced house for sale,6500000.0
Rutland Court London SW7,3 bedroom apartment for sale,6500000.0
Chelsea Creek Chelsea Creek London SW6,2 bedroom flat for sale,1150000.0
Winnington Close Hampstead Garden Suburb London N2,6 bedroom detached house for sale,6500000.0
Eaton Terrace Belgravia SW1W,4 bedroom terraced house for sale,6500000.0
190 The Strand WC2R,3 bedroom apartment for sale,6500000.0
Holland Park Avenue Holland Park London Royal borough of Kensington and Chelsea W11,4 bedroom house for sale,6500000.0
Chalcot Gardens Belsize Park NW3,5 bedroom semi-detached house for sale,6500000.0
Park Street Hyde Park W1K,5 bedroom apartment for sale,6500000.0
Winnington Close Hampstead Garden Suburb N2,6 bedroom detached house for sale,6500000.0
Cadogan Square Knightsbridge SW1X,3 bedroom apartment for sale,6500000.0
Winnington Close Hampstead Garden Suburb London N2,6 bedroom detached house for sale,6500000.0
Eaton Place London SW1X,4 bedroom apartment for sale,6500000.0
Cadogan Square Knightsbridge SW1X,3 bedroom flat for sale,6500000.0
Winnington Close Hampstead Garden Suburb,6 bedroom detached house for sale,6500000.0
Cadogan Square London SW1,3 bedroom apartment for sale,6500000.0
York Terrace West Regents Park NW1,3 bedroom flat for sale,6500000.0
Butlers Wharf Building 36 Shad Thames London SE1,4 bedroom penthouse for sale,6500000.0
Montagu Square London W1H,4 bedroom apartment for sale,6500000.0
Park Lane W1K,3 bedroom apartment for sale,6500000.0
Winnington Close Hampstead Garden Suburb,6 bedroom detached house for sale,6500000.0
Winnington Close N2,6 bedroom detached house for sale,6500000.0
Park Street London W1K,5 bedroom apartment for sale,6500000.0
Old Church Street Chelsea London SW3,5 bedroom end of terrace house for sale,6500000.0
Winnington Close Hampstead Garden Suburb N2,6 bedroom house for sale,6500000.0
Ralston Street Chelsea London,7 bedroom block of apartments for sale,6500000.0
Winnington Road N2,4 bedroom detached house for sale,6500000.0
Heron Close Kensal Rise,3 bedroom maisonette for sale,450000.0
Eaton Place Belgravia London SW1X,4 bedroom apartment for sale,6500000.0
Kingston House South Ennismore Gardens London SW7,2 bedroom penthouse for sale,6500000.0
Park Street Mayfair W1K,5 bedroom apartment for sale,6500000.0
Patten Road Wandsworth London SW18,6 bedroom semi-detached house for sale,6500000.0
North Gate Prince Albert Road London NW8,4 bedroom apartment for sale,6500000.0
Cheyne Walk London SW3,3 bedroom apartment for sale,6500000.0
North Audley Street Mayfair W1K,4 bedroom flat for sale,6500000.0
Park Lane Mayfair London,3 bedroom maisonette for sale,6500000.0
Winnington Road London N2,6 bedroom detached house for sale,6500000.0
Cadogan Square Knightsbridge London SW1X,3 bedroom apartment for sale,6500000.0
Bathurst Street London W2.,7 bedroom terraced house for sale,6499500.0
Bathurst Street Bayswater W2,7 bedroom terraced house for sale,6499500.0
Cliveden Place London SW1W,5 bedroom terraced house for sale,6495000.0
Cliveden Place Belgravia London SW1W,6 bedroom house for sale,6495000.0
Mount Row London W1K,2 bedroom apartment for sale,6490000.0
Mallord Street Chelsea London SW3,5 bedroom terraced house for sale,6450000.0
Winnington Road Hampstead Garden Suburb N2,6 bedroom house for sale,6450000.0
Palace Court London W2,5 bedroom apartment for sale,6450000.0
Upper Grosvenor Street Mayfair W1K,3 bedroom flat for sale,6350000.0
Onslow Gardens London SW7,3 bedroom apartment for sale,6350000.0
Onslow Gardens South Kensington SW7,3 bedroom apartment for sale,6350000.0
Willow Bridge Road Canonbury London N1,5 bedroom semi-detached house for sale,6350000.0
Upper Grosvenor Street Mayfair London W1K,3 bedroom flat for sale,6350000.0
Onslow Gardens London,3 bedroom flat for sale,6350000.0
Semley House Semley Place London SW1W,2 bedroom apartment for sale,675000.0
Hamilton Terrace London NW8,6 bedroom terraced house for sale,6250000.0
Buckingham Gate London SW1E,2 bedroom apartment for sale,6250000.0
New Oxford Street London WC1A,3 bedroom apartment for sale,6250000.0
Adam's Row Mayfair London W1K,4 bedroom terraced house for sale,6250000.0
Cambridge Street Pimlico London SW1V,5 bedroom house for sale,6250000.0
Vale Close Maida Vale London W9,6 bedroom detached house for sale,6250000.0
Hollycroft Avenue London NW3,6 bedroom semi-detached house for sale,6250000.0
Cambridge Street Westminster,7 bedroom house for sale,6250000.0
Campden Hill Road Kensington London,4 bedroom terraced house for sale,6250000.0
The Westin Upper Thames St London EC4V,3 bedroom flat for sale,6250000.0
Vale Close London W9,5 bedroom detached house for sale,6250000.0
Vale Close London W9,6 bedroom house for sale,6250000.0
Vale Close London W9,6 bedroom detached house for sale,6250000.0
Blenheim Crescent London W11,4 bedroom terraced house for sale,6250000.0
Vale Close London W9,5 bedroom detached house for sale,6250000.0
Eaton Place Belgravia,3 bedroom penthouse for sale,6250000.0
Bathgate Road Wimbledon London SW19,6 bedroom detached house for sale,6250000.0
Eaton Mews South London SW1W,2 bedroom house for sale,6250000.0
Sydney Place London,5 bedroom end of terrace house for sale,6250000.0
Buckingham Gate St James's SW1,2 bedroom apartment for sale,6250000.0
Welbeck Street London W1G,3 bedroom flat for sale,6250000.0
Sydney Place London SW7,4 bedroom terraced house for sale,6250000.0
Marathon House Marylebone Road London NW1,4 bedroom penthouse for sale,6250000.0
Wellington Court 116 Knightsbridge London SW1X,4 bedroom apartment for sale,6250000.0
Hercules Place Holloway,2 bedroom flat for sale,400000.0
Eaton Mews South Belgravia SW1W,3 bedroom house for sale,6250000.0
Chelsea Waterfront Waterfront Drive London SW10,4 bedroom apartment for sale,6210500.0
W1 Place Great Portland Street London W1W,3 bedroom penthouse for sale,6195000.0
W1 place Great Portland Street W1W,3 bedroom penthouse for sale,6195000.0
W1 Place Great Portland Street London W1W,3 bedroom penthouse for sale,6195000.0
Great Portland Street Marylebone,3 bedroom property for sale,6195000.0
Marylebone London,3 bedroom apartment for sale,6195000.0
Great Portand Street London W1U,3 bedroom penthouse for sale,6195000.0
Chelsea Harbour London SW10,4 bedroom apartment for sale,6175000.0
Scarsdale Villas London W8,5 bedroom semi-detached house for sale,6150000.0
Randolph Avenue London W9,5 bedroom terraced house for sale,6150000.0
Seymour Walk London SW10,3 bedroom house for sale,6150000.0
St. James's Street London SW1A,4 bedroom penthouse for sale,6150000.0
St. James's Street St. James's SW1A,4 bedroom flat for sale,6150000.0
St. James's Street St. James's London SW1A,4 bedroom flat for sale,6150000.0
Curzon Street London W1J,2 bedroom flat for sale,6150000.0
St James's Street St James's London SW1A,4 bedroom penthouse for sale,6150000.0
Eaton Square Belgravia SW1W,4 bedroom flat for sale,6000000.0
Mapesbury London NW2,10 bedroom character property for sale,6000000.0
Buckingham Gate London SW1E,3 bedroom apartment for sale,6000000.0
Marylebone Square Moxon Street London W1U,2 bedroom apartment for sale,6000000.0
MARYLEBONE SQUARE MOXON STREET London W1U,2 bedroom flat for sale,6000000.0
Marylebone Square Moxon Street London W1U,2 bedroom apartment for sale,6000000.0
Moxon Square Marylebone W1U,2 bedroom apartment for sale,6000000.0
Elms Road London SW4,6 bedroom semi-detached house for sale,2750000.0
Marylebone Square London W1,2 bedroom apartment for sale,6000000.0
Marylebone Square London W1U,2 bedroom apartment for sale,6000000.0
Eaton House Upper Grosvenor Street London W1K,4 bedroom flat for sale,6000000.0
Buckingham Gate St James's SW1E,3 bedroom apartment for sale,6000000.0
Hartfield Road London,11 bedroom house for sale,6000000.0
Lancelot Place Knightsbridge,2 bedroom apartment for sale,6000000.0
Rede Place Notting Hill London W2,3 bedroom terraced house for sale,6000000.0
Marylebone Square,2 bedroom apartment for sale,6000000.0
Moxon Street London W1U,2 bedroom apartment for sale,6000000.0
Upper Grosvenor Street Mayfair London W1K,4 bedroom apartment for sale,6000000.0
Cheval House Montpelier Walk Knightsbridge SW7,3 bedroom apartment for sale,6000000.0
Swains Lane London N6,4 bedroom detached house for sale,6000000.0
Wotton Road London NW2,10 bedroom semi-detached house for sale,6000000.0
Marylebone Square Moxon Street W1U,2 bedroom penthouse for sale,6000000.0
Marylebone Square Moxon Street London W1U,3 bedroom flat for sale,6000000.0
Aybrook Street London,2 bedroom flat for sale,6000000.0
Campden Hill Road Kensington W8,5 bedroom house for sale,6000000.0
Marylebone Square Cramer Street Marylebone W1U,2 bedroom flat for sale,6000000.0
Apartment A204 Marylebone Square Moxon Street London W1U 4EY,2 bedroom flat for sale,6000000.0
Petersham Road Richmond,5 bedroom house for sale,6000000.0
Dunraven Street Mayfair,3 bedroom penthouse for sale,6000000.0
Marylebone Road London NW1,5 bedroom apartment for sale,6000000.0
Moxon Street Marylebone London W1U,2 bedroom apartment for sale,6000000.0
Moxton Street Marylebone London W1U,2 bedroom flat for sale,6000000.0
Ice Wharf New Wharf Road N1,3 bedroom penthouse for sale,2450000.0
Marylebone Lane London W1U,2 bedroom flat for sale,6000000.0
Swains Lane Highgate London N6,4 bedroom semi-detached house for sale,6000000.0
Waterfront Drive,4 bedroom apartment for sale,6000000.0
Haverstock Hill Belsize Park,3 bedroom flat for sale,6000000.0
Marylebone Square Moxon Street W1U,2 bedroom apartment for sale,6000000.0
Marylebone Square Apartment A204 Moxon Street London W1U,2 bedroom apartment for sale,6000000.0
Knightsbridge London SW7,3 bedroom apartment for sale,6000000.0
Moxon Street London W1U 4,2 bedroom apartment for sale,6000000.0
Logan Place London W8,6 bedroom apartment for sale,6000000.0
Marylebone Square Marylebone W1,3 bedroom flat for sale,6000000.0
Great Portland Street London,3 bedroom apartment for sale,6000000.0
Marylebone Square Moxon Street Marylebone W1U,2 bedroom flat for sale,6000000.0
Upper Grosvenor Street London W1K,4 bedroom flat for sale,6000000.0
Moxon Street Marylebone W1U,2 bedroom apartment for sale,6000000.0
Marylebone Square Moxon Street London W1U,2 bedroom apartment for sale,6000000.0
Harley House Marylebone Road Regent's Park London,5 bedroom flat for sale,6000000.0
Eaton Terrace Belgravia SW1W,3 bedroom terraced house for sale,6000000.0
Marylebone Square Marylebone,2 bedroom apartment for sale,6000000.0
Moxon Street Marylebone London W1U,2 bedroom apartment for sale,6000000.0
Aybrook Street Marylebone London W1U,2 bedroom flat for sale,6000000.0
Marylebone Square Cramer Street Marylebone W1U,3 bedroom flat for sale,6000000.0
The Bridge London SW11,9 bedroom apartment for sale,6000000.0
Marylebone Square London W1U,2 bedroom apartment for sale,6000000.0
Moxon Street London W1U,2 bedroom apartment for sale,6000000.0
